[{"@type":"fileRecord","id":"@54","name":"metadata","type":"JSON","size":4422,"attachTime":1645701739000},{"@type":"fileRecord","id":"@11","name":"response","type":"XSD","size":7778,"attachTime":1645701739000},{"@type":"fileRecord","id":"@53","name":"fault","type":"XSD","size":6347,"attachTime":1645701739000},{"@type":"fileRecord","id":"@10","name":"request","type":"XSD","size":7803,"attachTime":1645701739000},{"@type":"fileRecord","id":"@51","name":"response","type":"XSD","size":18417,"attachTime":1645701739000},{"@type":"fileRecord","id":"@52","name":"extension","type":"XML","size":22708,"attachTime":1645701739000},{"@type":"fileRecord","id":"@49","name":"metadata","type":"JSON","size":16355,"attachTime":1645701739000},{"@type":"fileRecord","id":"@50","name":"request","type":"XSD","size":18452,"attachTime":1645701739000},{"@type":"fileRecord","id":"@47","name":"extension","type":"XML","size":49213,"attachTime":1645701739000},{"@type":"fileRecord","id":"@48","name":"fault","type":"XSD","size":6347,"attachTime":1645701739000},{"@type":"fileRecord","id":"@45","name":"request","type":"XSD","size":8254,"attachTime":1645701739000},{"@type":"fileRecord","id":"@46","name":"response","type":"XSD","size":8229,"attachTime":1645701739000},{"@type":"fileRecord","id":"@43","name":"fault","type":"XSD","size":6347,"attachTime":1645701739000},{"@type":"fileRecord","id":"@44","name":"metadata","type":"JSON","size":4015,"attachTime":1645701739000},{"@type":"fileRecord","id":"@17","name":"extension","type":"XML","size":55011,"attachTime":1645701739000},{"@type":"fileRecord","id":"@18","name":"fault","type":"XSD","size":6347,"attachTime":1645701739000},{"@type":"fileRecord","id":"@9","name":"metadata","type":"JSON","size":3650,"attachTime":1645701739000},{"@type":"fileRecord","id":"@59","name":"metadata","type":"JSON","size":17550,"attachTime":1645701739000},{"@type":"fileRecord","id":"@16","name":"response","type":"XSD","size":86558,"attachTime":1645701739000},{"@type":"fileRecord","id":"@60","name":"request","type":"XSD","size":19381,"attachTime":1645701739000},{"@type":"fileRecord","id":"@7","name":"extension","type":"XML","size":20411,"attachTime":1645701739000},{"@type":"fileRecord","id":"@58","name":"fault","type":"XSD","size":6347,"attachTime":1645701739000},{"@type":"fileRecord","id":"@8","name":"fault","type":"XSD","size":6347,"attachTime":1645701739000},{"@type":"fileRecord","id":"@15","name":"request","type":"XSD","size":86703,"attachTime":1645701739000},{"@type":"fileRecord","id":"@5","name":"request","type":"XSD","size":169639,"attachTime":1645701739000},{"@type":"fileRecord","id":"@57","name":"extension","type":"XML","size":52785,"attachTime":1645701739000},{"@type":"fileRecord","id":"@6","name":"response","type":"XSD","size":169354,"attachTime":1645701739000},{"@type":"fileRecord","id":"@14","name":"metadata","type":"JSON","size":88739,"attachTime":1645701739000},{"@type":"fileRecord","id":"@3","name":"fault","type":"XSD","size":6346,"attachTime":1645701739000},{"@type":"fileRecord","id":"@56","name":"response","type":"XSD","size":8394,"attachTime":1645701739000},{"@type":"fileRecord","id":"@4","name":"metadata","type":"JSON","size":164905,"attachTime":1645701739000},{"@type":"fileRecord","id":"@13","name":"fault","type":"XSD","size":6347,"attachTime":1645701739000},{"@type":"fileRecord","id":"@19","name":"metadata","type":"JSON","size":18894,"attachTime":1645701739000},{"@type":"fileRecord","id":"@55","name":"request","type":"XSD","size":8418,"attachTime":1645701739000},{"@type":"fileRecord","id":"@2","name":"extension","type":"XML","size":456701,"attachTime":1645701739000},{"@type":"fileRecord","id":"@12","name":"extension","type":"XML","size":238422,"attachTime":1645701739000},{"@type":"fileRecord","id":"@21","name":"response","type":"XSD","size":21446,"attachTime":1645701739000},{"@type":"fileRecord","id":"@65","name":"request","type":"XSD","size":7483,"attachTime":1645701739000},{"@type":"fileRecord","id":"@20","name":"request","type":"XSD","size":21471,"attachTime":1645701739000},{"@type":"fileRecord","id":"@64","name":"metadata","type":"JSON","size":3612,"attachTime":1645701739000},{"@type":"fileRecord","id":"@62","name":"extension","type":"XML","size":20325,"attachTime":1645701739000},{"@type":"fileRecord","id":"@63","name":"fault","type":"XSD","size":6347,"attachTime":1645701739000},{"@type":"fileRecord","id":"@61","name":"response","type":"XSD","size":19346,"attachTime":1645701739000},{"@type":"fileRecord","id":"@67","name":"extension","type":"XML","size":27701,"attachTime":1645701739000},{"@type":"fileRecord","id":"@23","name":"fault","type":"XSD","size":6347,"attachTime":1645701739000},{"@type":"fileRecord","id":"@66","name":"response","type":"XSD","size":7458,"attachTime":1645701739000},{"@type":"fileRecord","id":"@22","name":"extension","type":"XML","size":20317,"attachTime":1645701739000},{"@type":"fileRecord","id":"@32","name":"extension","type":"XML","size":20330,"attachTime":1645701739000},{"@type":"fileRecord","id":"@30","name":"request","type":"XSD","size":7813,"attachTime":1645701739000},{"@type":"fileRecord","id":"@42","name":"extension","type":"XML","size":21560,"attachTime":1645701739000},{"@type":"fileRecord","id":"@31","name":"response","type":"XSD","size":7788,"attachTime":1645701739000},{"@type":"fileRecord","id":"@40","name":"request","type":"XSD","size":18693,"attachTime":1645701739000},{"@type":"fileRecord","id":"@70","name":"request","type":"XSD","size":10758,"attachTime":1645701739000},{"@type":"fileRecord","id":"@41","name":"response","type":"XSD","size":18668,"attachTime":1645701739000},{"@type":"fileRecord","id":"@71","name":"response","type":"XSD","size":10733,"attachTime":1645701739000},{"@type":"fileRecord","id":"@28","name":"fault","type":"XSD","size":6347,"attachTime":1645701739000},{"@type":"fileRecord","id":"@38","name":"fault","type":"XSD","size":6347,"attachTime":1645701739000},{"@type":"fileRecord","id":"@29","name":"metadata","type":"JSON","size":3700,"attachTime":1645701739000},{"@type":"fileRecord","id":"@39","name":"metadata","type":"JSON","size":15615,"attachTime":1645701739000},{"@type":"fileRecord","id":"@26","name":"response","type":"XSD","size":7761,"attachTime":1645701739000},{"@type":"fileRecord","id":"@36","name":"response","type":"XSD","size":7458,"attachTime":1645701739000},{"@type":"fileRecord","id":"@27","name":"extension","type":"XML","size":20453,"attachTime":1645701739000},{"@type":"fileRecord","id":"@37","name":"extension","type":"XML","size":46648,"attachTime":1645701739000},{"@type":"fileRecord","id":"@34","name":"metadata","type":"JSON","size":3612,"attachTime":1645701739000},{"@type":"fileRecord","id":"@69","name":"metadata","type":"JSON","size":6602,"attachTime":1645701739000},{"@type":"fileRecord","id":"@25","name":"request","type":"XSD","size":7786,"attachTime":1645701739000},{"@type":"fileRecord","id":"@35","name":"request","type":"XSD","size":7483,"attachTime":1645701739000},{"@type":"fileRecord","id":"@68","name":"fault","type":"XSD","size":6347,"attachTime":1645701739000},{"@type":"fileRecord","id":"@24","name":"metadata","type":"JSON","size":3576,"attachTime":1645701739000},{"@type":"fileRecord","id":"@33","name":"fault","type":"XSD","size":6347,"attachTime":1645701739000}]