[{"@type":"mtTask","id":"@1","name":"Mapping_Update_PRD_TO_TAX","description":"","autoExpireObject":false,"errorTaskEmail":{"@type":"taskEmail","id":3153994,"emails":"khayes@infoverity.com","emailType":"ERROR"},"successTaskEmail":{"@type":"taskEmail","id":3153997,"emails":"khayes@infoverity.com","emailType":"SUCCESS"},"warningTaskEmail":{"@type":"taskEmail","id":3154000,"emails":"khayes@infoverity.com","emailType":"WARNING"},"runtimeEnvironmentId":"@2yXcVXrThQFewLidEulTgX","maxLogs":10,"verbose":true,"mappingId":"@9OlnIzfRseNgP1dqqVk5Gs","frsGuid":"5AKRQqo9z81esqD7QXtDKN","shortDescription":"","sessionPropertiesList":[{"name":"Allow Temporary Sequence for Pushdown","value":"NO","recommended":false},{"name":"Allow Temporary View for Pushdown","value":"NO","recommended":false},{"name":"Pushdown Optimization","value":"None","recommended":false}],"hidden":false,"enableCrossSchemaPushdown":true,"enableParallelRun":false,"autoTunedApplied":false,"autoTunedAppliedType":"NONE","paramFileType":"PARAM_FILE_LOCAL","schemaMode":"async","valid":true,"schemaValidationErrorCount":-1,"parameterFileEncoding":"UTF-8","serverlessProperties":{},"taskProperties":[{"@type":"taskProperty","name":"parameterFileDir","currentValue":"","type":"STRING","label":"label.parameterFileDir","required":false},{"@type":"taskProperty","name":"parameterFileName","currentValue":"","type":"STRING","label":"label.parameterFileName","required":false},{"@type":"taskProperty","name":"outboundMessageUrlQueueTime","currentValue":"","type":"NUMBER","label":"label.outboundMessageUrlQueueTime","required":false},{"@type":"taskProperty","name":"outboundMessageUrlToken","currentValue":"","type":"STRING","label":"label.outboundMessageUrlToken","required":false}],"isMidstreamPreview":false,"parameters":[{"@type":"mtTaskParameter","id":455395384,"name":"$MDM_PRD_TAX$","type":"SOURCE","label":"MDM_PRD_TAX","uiProperties":{"connectionParameterized":"false","isSelectDistinct":"false","objectParameterized":"false","visible":"false","originalPath":"MDM_PRD_TAX"},"sourceConnectionId":"@gfqoR8Fzt87dG51ShUYO8z","sourceObject":"DUMMY_MDM_PRD_TAX","newFlatFile":false,"newObject":false,"showBusinessNames":false,"naturalOrder":true,"truncateTarget":false,"bulkApiDBTarget":false,"customFuncCfg":{"@type":"customFuncConfig","id":-1,"connections":[],"inputMap":[],"outputFields":[]},"targetRefsV2":{},"targetUpdateColumns":[],"runtimeAttrs":{},"isRESTModernSource":true,"customQuery":"SELECT\tDISTINCT p.ROWID_OBJECT, p.MTRL_ID, p.LAST_ROWID_SYSTEM\n\t\t, pt.TAX_CLSSIF_CD, pt.TAX_CTGRY_CD, pt.LAST_UPDATE_DATE, pt.CNTRY_CD, pt.CREATE_DATE\n\nFROM\tC_XO_PROD p\n\t\tLEFT JOIN C_XO_PROD_TAX pt ON p.ROWID_OBJECT = pt.PROD_FK\n\nWHERE p.MTRL_ID IS NOT NULL\nAND pt.HUB_STATE_IND = 1\n;","isFileList":false,"handleSpecialChars":false,"handleDecimalRoundOff":false,"frsAsset":false,"dynamicFileName":false,"excludeDynamicFileNameField":false,"currentlyProcessedFileName":false,"retainFieldMetadata":false,"objectName":"DUMMY_MDM_PRD_TAX","useExactSrcNames":false,"userUpdated":true,"fetchMode":"ORIGINAL","tgtObjectAttributes":{},"runtimeParameterData":{"@type":"mtTaskRuntimeParameterData","isConnectionRuntimeParameter":false,"isObjectRuntimeParameter":false},"overridableProperties":[],"overriddenFields":[]},{"@type":"mtTaskParameter","id":455395387,"name":"$ODATA_Fault$","type":"TARGET","label":"ODATA_Fault","uiProperties":{"connectionParameterized":"false","objectParameterized":"false","visible":"false","defaultTargetUpdateColumns":"","supportApplyDDLChanges":"true","originalPath":"ODATA_Fault"},"targetConnectionId":"@5y30wSzz3K9jqB58IB2e8F","targetObject":"Concat('Product_Update_Tax_FaultCode_',ReplaceStr(true, To_Char(SYSDATE) , '/',' ',':',''))","targetObjectLabel":"',' ',':',''))","newFlatFile":false,"newObject":true,"showBusinessNames":false,"naturalOrder":true,"newObjectName":"Concat('Product_Update_Tax_FaultCode_',ReplaceStr(true, To_Char(SYSDATE) , '/',' ',':',''))","truncateTarget":false,"bulkApiDBTarget":false,"operationType":"Insert","tgtFFAttrs":{"@type":"flatFileAttrs","id":53702332,"delimiter":",","textQualifier":"\"","escapeChar":"","headerLineNo":1,"rowDelimiter":0,"consecutiveDelimiter":false,"multiDelimitersAsAnd":true},"customFuncCfg":{"@type":"customFuncConfig","id":-1,"connections":[],"inputMap":[],"outputFields":[]},"targetRefsV2":{},"targetUpdateColumns":[],"extendedObject":{"@type":"extendedObject","singleMode":true,"filters":[],"sortFields":[]},"runtimeAttrs":{},"isRESTModernSource":true,"isFileList":false,"handleSpecialChars":false,"handleDecimalRoundOff":false,"frsAsset":false,"dynamicFileName":false,"excludeDynamicFileNameField":false,"currentlyProcessedFileName":false,"retainFieldMetadata":false,"objectName":"Concat('Product_Update_Tax_FaultCode_',ReplaceStr(true, To_Char(SYSDATE) , '/',' ',':',''))","objectLabel":"',' ',':',''))","useExactSrcNames":false,"userUpdated":true,"fetchMode":"ORIGINAL","tgtObjectAttributes":{},"runtimeParameterData":{"@type":"mtTaskRuntimeParameterData","isConnectionRuntimeParameter":false,"isObjectRuntimeParameter":false},"overridableProperties":[],"overriddenFields":[]},{"@type":"mtTaskParameter","id":455395390,"name":"$ODATA_Success$","type":"TARGET","label":"ODATA_Success","uiProperties":{"connectionParameterized":"false","objectParameterized":"false","visible":"false","defaultTargetUpdateColumns":"","supportApplyDDLChanges":"true","originalPath":"ODATA_Success"},"targetConnectionId":"@5y30wSzz3K9jqB58IB2e8F","targetObject":"Concat('Product_Update_Tax_Success',ReplaceStr(true, To_Char(SYSDATE) , '/',' ',':',''))","targetObjectLabel":"',' ',':',''))","newFlatFile":false,"newObject":true,"showBusinessNames":false,"naturalOrder":true,"newObjectName":"Concat('Product_Update_Tax_Success',ReplaceStr(true, To_Char(SYSDATE) , '/',' ',':',''))","truncateTarget":false,"bulkApiDBTarget":false,"operationType":"Insert","tgtFFAttrs":{"@type":"flatFileAttrs","id":53702335,"delimiter":",","textQualifier":"\"","escapeChar":"","headerLineNo":1,"rowDelimiter":0,"consecutiveDelimiter":false,"multiDelimitersAsAnd":true},"customFuncCfg":{"@type":"customFuncConfig","id":-1,"connections":[],"inputMap":[],"outputFields":[]},"targetRefsV2":{},"targetUpdateColumns":[],"extendedObject":{"@type":"extendedObject","singleMode":true,"filters":[],"sortFields":[]},"runtimeAttrs":{},"isRESTModernSource":true,"isFileList":false,"handleSpecialChars":false,"handleDecimalRoundOff":false,"frsAsset":false,"dynamicFileName":false,"excludeDynamicFileNameField":false,"currentlyProcessedFileName":false,"retainFieldMetadata":false,"objectName":"Concat('Product_Update_Tax_Success',ReplaceStr(true, To_Char(SYSDATE) , '/',' ',':',''))","objectLabel":"',' ',':',''))","useExactSrcNames":false,"userUpdated":true,"fetchMode":"ORIGINAL","tgtObjectAttributes":{},"runtimeParameterData":{"@type":"mtTaskRuntimeParameterData","isConnectionRuntimeParameter":false,"isObjectRuntimeParameter":false},"overridableProperties":[],"overriddenFields":[]},{"@type":"mtTaskParameter","id":455395393,"name":"$DaysBackInTime$","type":"STRING","text":"3","label":"Days Back in Time (DaysBackInTime)","description":"","uiProperties":{"paramName":"DaysBackInTime","paramLabel":"Days Back in Time","paramType-mapping":"String","default":"3","originalPath":"fil_RecentlyCreated"},"newFlatFile":false,"newObject":false,"showBusinessNames":true,"naturalOrder":true,"truncateTarget":false,"bulkApiDBTarget":false,"customFuncCfg":{"@type":"customFuncConfig","id":-1,"connections":[],"inputMap":[],"outputFields":[]},"targetRefsV2":{},"targetUpdateColumns":[],"runtimeAttrs":{},"isRESTModernSource":true,"isFileList":false,"handleSpecialChars":false,"handleDecimalRoundOff":false,"frsAsset":false,"dynamicFileName":false,"excludeDynamicFileNameField":false,"currentlyProcessedFileName":false,"retainFieldMetadata":false,"useExactSrcNames":false,"userUpdated":true,"fetchMode":"ORIGINAL","tgtObjectAttributes":{},"runtimeParameterData":{"@type":"mtTaskRuntimeParameterData","isConnectionRuntimeParameter":false,"isObjectRuntimeParameter":false},"overridableProperties":[],"overriddenFields":[]},{"@type":"mtTaskParameter","id":455395396,"name":"$ODATA_ProductSalesTax$","type":"BUSINESS_SERVICE","label":"ODATA_ProductSalesTax","uiProperties":{"visible":"false","originalPath":"ODATA_ProductSalesTax"},"newFlatFile":false,"newObject":false,"showBusinessNames":true,"naturalOrder":true,"truncateTarget":false,"bulkApiDBTarget":false,"customFuncCfg":{"@type":"customFuncConfig","id":-1,"connections":[],"inputMap":[],"outputFields":[]},"targetRefsV2":{},"targetUpdateColumns":[],"runtimeAttrs":{},"isRESTModernSource":true,"isFileList":false,"handleSpecialChars":false,"handleDecimalRoundOff":false,"frsAsset":false,"dynamicFileName":false,"excludeDynamicFileNameField":false,"currentlyProcessedFileName":false,"retainFieldMetadata":false,"useExactSrcNames":false,"userUpdated":true,"businessServiceData":{"@type":"businessServiceData","businessServiceId":"@6wTrEKOlJkDfE6vyLSNuQV","operationId":"@6wTrEKOlJkDfE6vyLSNuQV@API_PRODUCT_SRV/A_ProductSalesTax"},"fetchMode":"ORIGINAL","tgtObjectAttributes":{},"runtimeParameterData":{"@type":"mtTaskRuntimeParameterData","isConnectionRuntimeParameter":false,"isObjectRuntimeParameter":false},"overridableProperties":[],"overriddenFields":[]}],"sequences":[],"inOutParameters":[],"connRuntimeAttrs":[]}]