[{"@type":"mappingTemplate","id":"@1","name":"m_use_SystemTimeStamp","description":"This is a demo mapping to show case use of SYSTEMTIMESTAMP function.","bundleVersion":"0","assetFrsGuid":"9aHY9XfXg2PbpiPpVhJEaa","templateId":"@3","deployTime":1619609000000,"hasParameters":false,"valid":true,"fixedConnection":true,"hasParametersDeployed":false,"fixedConnectionDeployed":true,"isSchemaValidationEnabled":false,"tasks":1,"mappingPreviewFileRecordId":"@2","documentType":"MAPPING","references":[{"@type":"reference","refObjectId":"@4icdL4Hzkd2jkwUutAYIu9","refType":"connection"}]}]