[{"@type":"mappingTemplate","id":"@1","name":"Mapping_Update_PRD - OUTBOUND","description":"","autoExpireObject":false,"bundleVersion":"0","assetFrsGuid":"isQROTTZHkSiYfnIgs59ko","templateId":"@3","deployTime":1645701742000,"hasParameters":true,"valid":true,"fixedConnection":true,"hasParametersDeployed":true,"fixedConnectionDeployed":true,"isSchemaValidationEnabled":false,"tasks":1,"mappingPreviewFileRecordId":"@2","documentType":"MAPPING","references":[{"@type":"reference","refObjectId":"@6wTrEKOlJkDfE6vyLSNuQV@API_PRODUCT_SRV/A_Product","refType":"businessOperation"},{"@type":"reference","refObjectId":"@5y30wSzz3K9jqB58IB2e8F","refType":"connection"},{"@type":"reference","refObjectId":"@6wTrEKOlJkDfE6vyLSNuQV","refType":"businessService"},{"@type":"reference","refObjectId":"@gfqoR8Fzt87dG51ShUYO8z","refType":"connection"}]}]