[{"@type":"mtTask","id":"@1","name":"Mapping_Update_PRD - OUTBOUND","description":"","autoExpireObject":false,"runtimeEnvironmentId":"@2yXcVXrThQFewLidEulTgX","maxLogs":10,"verbose":true,"mappingId":"@isQROTTZHkSiYfnIgs59ko","frsGuid":"0rRCjo5NCoIdOFWILJ5jgU","shortDescription":"","sessionPropertiesList":[{"name":"Allow Temporary Sequence for Pushdown","value":"NO","recommended":false},{"name":"Allow Temporary View for Pushdown","value":"NO","recommended":false},{"name":"Pushdown Optimization","value":"None","recommended":false}],"hidden":false,"enableCrossSchemaPushdown":true,"enableParallelRun":false,"autoTunedApplied":false,"autoTunedAppliedType":"NONE","paramFileType":"PARAM_FILE_LOCAL","schemaMode":"async","valid":true,"schemaValidationErrorCount":-1,"parameterFileEncoding":"UTF-8","serverlessProperties":{},"taskProperties":[{"@type":"taskProperty","name":"parameterFileDir","currentValue":"","type":"STRING","label":"label.parameterFileDir","required":false},{"@type":"taskProperty","name":"parameterFileName","currentValue":"","type":"STRING","label":"label.parameterFileName","required":false},{"@type":"taskProperty","name":"outboundMessageUrlQueueTime","currentValue":"","type":"NUMBER","label":"label.outboundMessageUrlQueueTime","required":false},{"@type":"taskProperty","name":"outboundMessageUrlToken","currentValue":"","type":"STRING","label":"label.outboundMessageUrlToken","required":false}],"isMidstreamPreview":false,"parameters":[{"@type":"mtTaskParameter","id":458294917,"name":"$MDM_Source_Query$","type":"SOURCE","label":"MDM_Source_Query","uiProperties":{"connectionParameterized":"false","isSelectDistinct":"false","objectParameterized":"false","visible":"false","originalPath":"MDM_Source_Query"},"sourceConnectionId":"@gfqoR8Fzt87dG51ShUYO8z","sourceObject":"DUMMY_MDM_Source_Query","newFlatFile":false,"newObject":false,"showBusinessNames":false,"naturalOrder":true,"truncateTarget":false,"bulkApiDBTarget":false,"customFuncCfg":{"@type":"customFuncConfig","id":-1,"connections":[],"inputMap":[],"outputFields":[]},"targetRefsV2":{},"targetUpdateColumns":[],"runtimeAttrs":{},"isRESTModernSource":true,"customQuery":"SELECT C_XO_PROD.ROWID_OBJECT, C_XO_PROD.UPDATED_BY, C_XO_PROD.CREATE_DATE, C_XO_PROD.LAST_UPDATE_DATE, C_XO_PROD.CREATOR, C_XO_PROD.MTRL_ID, \nC_XO_PROD.DIV_CD, C_XO_PROD.MTRL_TYP_CD, C_XO_PROD.MTRL_GRP_CD, C_XO_PROD.OLD_MTRL_NUM, C_XO_PROD.BASE_UOM_CD, C_XO_PROD.LOW_LVL_CD, C_XO_PROD_DIM.LAST_UPDATE_DATE AS DIM_LAST_UPDATE_DATE,\nC_XO_PROD.PLNT_MTRL_STAT_CD, C_XO_PROD.RGN_ACCPT_IND, C_XO_PROD_SLS.PROD_HRCHY, C_XO_PROD_SLS.LAST_UPDATE_DATE AS SLS_LAST_UPDATE_DATE,\nC_XO_PROD_DIM.NET_WT, C_XO_PROD_DIM.GROSS_WT, C_XO_PROD_DIM.WGHT_UNT_CD, C_XO_PROD_DIM.VOLUM, C_XO_PROD_DIM.VOLUM_UNT_CD\n\nFROM C_XO_PROD \nINNER JOIN C_XO_PROD_DIM ON C_XO_PROD.ROWID_OBJECT = C_XO_PROD_DIM.PROD_FK\nLEFT JOIN C_XO_PROD_SLS ON C_XO_PROD_SLS.PROD_FK = C_XO_PROD.ROWID_OBJECT\n\n\nwhere exists ( select 1 from C_XO_PROD_XREF x where x.ROWID_OBJECT = C_XO_PROD.ROWID_OBJECT and x.ROWID_SYSTEM = 'SAP' )\n\nOrder by LAST_UPDATE_DATE desc","isFileList":false,"handleSpecialChars":false,"handleDecimalRoundOff":false,"frsAsset":false,"dynamicFileName":false,"excludeDynamicFileNameField":false,"currentlyProcessedFileName":false,"retainFieldMetadata":false,"objectName":"DUMMY_MDM_Source_Query","useExactSrcNames":false,"userUpdated":true,"fetchMode":"ORIGINAL","tgtObjectAttributes":{},"runtimeParameterData":{"@type":"mtTaskRuntimeParameterData","isConnectionRuntimeParameter":false,"isObjectRuntimeParameter":false},"overridableProperties":[],"overriddenFields":[]},{"@type":"mtTaskParameter","id":458294920,"name":"$error$","type":"TARGET","label":"error","uiProperties":{"connectionParameterized":"false","objectParameterized":"false","visible":"false","defaultTargetUpdateColumns":"","supportApplyDDLChanges":"true","originalPath":"error"},"targetConnectionId":"@gfqoR8Fzt87dG51ShUYO8z","targetObject":"Mapping_Update_PRD_error","targetObjectLabel":"Mapping_Update_PRD_error","newFlatFile":false,"newObject":true,"showBusinessNames":false,"naturalOrder":true,"newObjectName":"Mapping_Update_PRD_error","truncateTarget":true,"bulkApiDBTarget":false,"operationType":"Insert","customFuncCfg":{"@type":"customFuncConfig","id":-1,"connections":[],"inputMap":[],"outputFields":[]},"targetRefsV2":{},"targetUpdateColumns":[],"extendedObject":{"@type":"extendedObject","singleMode":true,"filters":[],"sortFields":[]},"runtimeAttrs":{},"isRESTModernSource":true,"isFileList":false,"handleSpecialChars":false,"handleDecimalRoundOff":false,"frsAsset":false,"dynamicFileName":false,"excludeDynamicFileNameField":false,"currentlyProcessedFileName":false,"retainFieldMetadata":false,"objectName":"Mapping_Update_PRD_error","objectLabel":"Mapping_Update_PRD_error","useExactSrcNames":false,"userUpdated":true,"fetchMode":"ORIGINAL","tgtObjectAttributes":{},"runtimeParameterData":{"@type":"mtTaskRuntimeParameterData","isConnectionRuntimeParameter":false,"isObjectRuntimeParameter":false},"overridableProperties":[],"overriddenFields":[]},{"@type":"mtTaskParameter","id":458294923,"name":"$success$","type":"TARGET","label":"success","uiProperties":{"connectionParameterized":"false","objectParameterized":"false","visible":"false","defaultTargetUpdateColumns":"","supportApplyDDLChanges":"true","originalPath":"success"},"targetConnectionId":"@5y30wSzz3K9jqB58IB2e8F","targetObject":"Mapping_Update_PRD_success","targetObjectLabel":"Mapping_Update_PRD_success","newFlatFile":false,"newObject":true,"showBusinessNames":false,"naturalOrder":true,"newObjectName":"Mapping_Update_PRD_success","truncateTarget":false,"bulkApiDBTarget":false,"operationType":"Insert","tgtFFAttrs":{"@type":"flatFileAttrs","id":53980351,"delimiter":",","textQualifier":"\"","escapeChar":"","headerLineNo":1,"rowDelimiter":0,"consecutiveDelimiter":false,"multiDelimitersAsAnd":true},"customFuncCfg":{"@type":"customFuncConfig","id":-1,"connections":[],"inputMap":[],"outputFields":[]},"targetRefsV2":{},"targetUpdateColumns":[],"extendedObject":{"@type":"extendedObject","singleMode":true,"filters":[],"sortFields":[]},"runtimeAttrs":{},"isRESTModernSource":true,"isFileList":false,"handleSpecialChars":false,"handleDecimalRoundOff":false,"frsAsset":false,"dynamicFileName":false,"excludeDynamicFileNameField":false,"currentlyProcessedFileName":false,"retainFieldMetadata":false,"objectName":"Mapping_Update_PRD_success","objectLabel":"Mapping_Update_PRD_success","useExactSrcNames":false,"userUpdated":true,"fetchMode":"ORIGINAL","tgtObjectAttributes":{},"runtimeParameterData":{"@type":"mtTaskRuntimeParameterData","isConnectionRuntimeParameter":false,"isObjectRuntimeParameter":false},"overridableProperties":[],"overriddenFields":[]},{"@type":"mtTaskParameter","id":458294926,"name":"$DaysBackInTime$","type":"STRING","text":"1","label":"Days Back In Time (DaysBackInTime)","description":"For how many days outbound logic should extract data, default is 1","uiProperties":{"paramName":"DaysBackInTime","paramLabel":"Days Back In Time","paramType-mapping":"String","default":"1","originalPath":"fil_RecentlyUpdated"},"newFlatFile":false,"newObject":false,"showBusinessNames":true,"naturalOrder":true,"truncateTarget":false,"bulkApiDBTarget":false,"customFuncCfg":{"@type":"customFuncConfig","id":-1,"connections":[],"inputMap":[],"outputFields":[]},"targetRefsV2":{},"targetUpdateColumns":[],"runtimeAttrs":{},"isRESTModernSource":true,"isFileList":false,"handleSpecialChars":false,"handleDecimalRoundOff":false,"frsAsset":false,"dynamicFileName":false,"excludeDynamicFileNameField":false,"currentlyProcessedFileName":false,"retainFieldMetadata":false,"useExactSrcNames":false,"userUpdated":true,"fetchMode":"ORIGINAL","tgtObjectAttributes":{},"runtimeParameterData":{"@type":"mtTaskRuntimeParameterData","isConnectionRuntimeParameter":false,"isObjectRuntimeParameter":false},"overridableProperties":[],"overriddenFields":[]},{"@type":"mtTaskParameter","id":458294929,"name":"$WebServices_PRD$","type":"BUSINESS_SERVICE","label":"WebServices_PRD","uiProperties":{"visible":"false","originalPath":"WebServices_PRD"},"newFlatFile":false,"newObject":false,"showBusinessNames":true,"naturalOrder":true,"truncateTarget":false,"bulkApiDBTarget":false,"customFuncCfg":{"@type":"customFuncConfig","id":-1,"connections":[],"inputMap":[],"outputFields":[]},"targetRefsV2":{},"targetUpdateColumns":[],"runtimeAttrs":{},"isRESTModernSource":true,"isFileList":false,"handleSpecialChars":false,"handleDecimalRoundOff":false,"frsAsset":false,"dynamicFileName":false,"excludeDynamicFileNameField":false,"currentlyProcessedFileName":false,"retainFieldMetadata":false,"useExactSrcNames":false,"userUpdated":true,"businessServiceData":{"@type":"businessServiceData","businessServiceId":"@6wTrEKOlJkDfE6vyLSNuQV","operationId":"@6wTrEKOlJkDfE6vyLSNuQV@API_PRODUCT_SRV/A_Product"},"fetchMode":"ORIGINAL","tgtObjectAttributes":{},"runtimeParameterData":{"@type":"mtTaskRuntimeParameterData","isConnectionRuntimeParameter":false,"isObjectRuntimeParameter":false},"overridableProperties":[],"overriddenFields":[]}],"sequences":[],"inOutParameters":[],"connRuntimeAttrs":[]}]