[{"@type":"fileRecord","id":"@2","name":"extension","type":"XML","size":48474,"attachTime":1645144995000},{"@type":"fileRecord","id":"@5","name":"request","type":"XSD","size":27183,"attachTime":1645144995000},{"@type":"fileRecord","id":"@6","name":"response","type":"XSD","size":15513,"attachTime":1645144995000},{"@type":"fileRecord","id":"@3","name":"fault","type":"XSD","size":4686,"attachTime":1645144995000},{"@type":"fileRecord","id":"@4","name":"metadata","type":"JSON","size":48269,"attachTime":1645144995000}]