[{"@type":"mappingTemplate","id":"@1","name":"m_errorhandling_task","description":"","autoExpireObject":false,"bundleVersion":"0","assetFrsGuid":"ciWQajvjLEri8P1zq0RrA6","templateId":"@3","deployTime":1741871461000,"hasParameters":true,"valid":true,"fixedConnection":true,"hasParametersDeployed":true,"fixedConnectionDeployed":true,"isSchemaValidationEnabled":false,"tasks":1,"mappingPreviewFileRecordId":"@2","documentType":"MAPPING","references":[{"@type":"reference","refObjectId":"@3cPaqNiqvrEhtFgtY0gyqB","refType":"connection"}]}]