[{"@type":"mappingTemplate","id":"@1","name":"Product_Create","description":"","autoExpireObject":false,"bundleVersion":"0","assetFrsGuid":"4cdZE8X29WTevGvMmVPWUH","templateId":"@3","deployTime":1645145004000,"hasParameters":false,"valid":true,"fixedConnection":true,"hasParametersDeployed":false,"fixedConnectionDeployed":true,"isSchemaValidationEnabled":false,"tasks":1,"mappingPreviewFileRecordId":"@2","documentType":"MAPPING","references":[{"@type":"reference","refObjectId":"@7q51PVTzoiyfWmpPpaCrOj@put","refType":"businessOperation"},{"@type":"reference","refObjectId":"@6wTrEKOlJkDfE6vyLSNuQV@API_PRODUCT_SRV/A_Product","refType":"businessOperation"},{"@type":"reference","refObjectId":"@5y30wSzz3K9jqB58IB2e8F","refType":"connection"},{"@type":"reference","refObjectId":"@6wTrEKOlJkDfE6vyLSNuQV","refType":"businessService"},{"@type":"reference","refObjectId":"@7q51PVTzoiyfWmpPpaCrOj","refType":"businessService"},{"@type":"reference","refObjectId":"@gfqoR8Fzt87dG51ShUYO8z","refType":"connection"}]}]