[{"@type":"mappingTemplate","id":"@1","name":"Mapping_Update_PRD_to_PLNT","description":"","autoExpireObject":false,"bundleVersion":"0","assetFrsGuid":"0rLquRIvVoviCDD01RkZ0k","templateId":"@3","deployTime":1645701740000,"hasParameters":true,"valid":true,"fixedConnection":true,"hasParametersDeployed":true,"fixedConnectionDeployed":true,"isSchemaValidationEnabled":false,"tasks":1,"mappingPreviewFileRecordId":"@2","documentType":"MAPPING","references":[{"@type":"reference","refObjectId":"@hxt02uEC2GvhyEP8gpTKkO","refType":"connection"},{"@type":"reference","refObjectId":"@6wTrEKOlJkDfE6vyLSNuQV@API_PRODUCT_SRV/A_ProductPlant","refType":"businessOperation"},{"@type":"reference","refObjectId":"@6wTrEKOlJkDfE6vyLSNuQV@API_PRODUCT_SRV/A_ProductSupplyPlanning","refType":"businessOperation"},{"@type":"reference","refObjectId":"@5y30wSzz3K9jqB58IB2e8F","refType":"connection"},{"@type":"reference","refObjectId":"@6wTrEKOlJkDfE6vyLSNuQV","refType":"businessService"},{"@type":"reference","refObjectId":"@gfqoR8Fzt87dG51ShUYO8z","refType":"connection"}]}]