[{"@type":"mtTask","id":"@1","name":"Product_Create","description":"","autoExpireObject":false,"runtimeEnvironmentId":"@2yXcVXrThQFewLidEulTgX","maxLogs":10,"verbose":true,"mappingId":"@4cdZE8X29WTevGvMmVPWUH","frsGuid":"hqwx5pTd50riilZacv5LMJ","shortDescription":"","sessionPropertiesList":[{"name":"Allow Temporary Sequence for Pushdown","value":"NO","recommended":false},{"name":"Allow Temporary View for Pushdown","value":"NO","recommended":false},{"name":"Pushdown Optimization","value":"None","recommended":false}],"hidden":false,"enableCrossSchemaPushdown":true,"enableParallelRun":false,"autoTunedApplied":false,"autoTunedAppliedType":"NONE","paramFileType":"PARAM_FILE_LOCAL","schemaMode":"async","valid":true,"schemaValidationErrorCount":-1,"parameterFileEncoding":"UTF-8","serverlessProperties":{},"taskProperties":[{"@type":"taskProperty","name":"parameterFileDir","currentValue":"","type":"STRING","label":"label.parameterFileDir","required":false},{"@type":"taskProperty","name":"parameterFileName","currentValue":"","type":"STRING","label":"label.parameterFileName","required":false},{"@type":"taskProperty","name":"outboundMessageUrlQueueTime","currentValue":"","type":"NUMBER","label":"label.outboundMessageUrlQueueTime","required":false},{"@type":"taskProperty","name":"outboundMessageUrlToken","currentValue":"","type":"STRING","label":"label.outboundMessageUrlToken","required":false}],"isMidstreamPreview":false,"parameters":[{"@type":"mtTaskParameter","id":455395303,"name":"$MDM_Source$","type":"SOURCE","label":"MDM_Source","uiProperties":{"connectionParameterized":"false","isSelectDistinct":"false","objectParameterized":"false","visible":"false","originalPath":"MDM_Source"},"sourceConnectionId":"@gfqoR8Fzt87dG51ShUYO8z","sourceObject":"DUMMY_MDM_Source","newFlatFile":false,"newObject":false,"showBusinessNames":false,"naturalOrder":true,"truncateTarget":false,"bulkApiDBTarget":false,"customFuncCfg":{"@type":"customFuncConfig","id":-1,"connections":[],"inputMap":[],"outputFields":[]},"targetRefsV2":{},"targetUpdateColumns":[],"runtimeAttrs":{},"isRESTModernSource":true,"customQuery":"USE tcr_hub;\n\n\nSELECT\tDISTINCT p.ROWID_OBJECT, p.DIV_CD, p.MTRL_TYP_CD, p.MTRL_GRP_CD, p.OLD_MTRL_NUM, p.BASE_UOM_CD, p.STOR_COND, p.LOW_LVL_CD, p.TRAN_GRP, p.MTRL_ID, p.LAST_ROWID_SYSTEM\n\t\t, p.PLNT_MTRL_STAT_CD, p.EXPRTN_DT_IND, p.RGN_ACCPT_IND, p.GEN_ITM_CAT_CD, p.HUB_STATE_IND\n\t\t, pd.LANG_CD, pd.MTRL_DESC\n\t\t, pt.TAX_CLSSIF_CD, pt.TAX_CTGRY_CD\n\t\t, pd2.DESCR, pd2.NMRTR, pd2.DNMNTR, pd2.DNMNTR, pd2.PKG_DPTH as WDTH, pd2.PKG_WDTH as LGTH, pd2.PKG_HGHT as HGHT, pd2.UOD_CD, pd2.VOLUM, pd2.VOLUM_UNT_CD, pd2.PROD_HIER, pd2.WGHT_UNT_CD, pd2.GROSS_WT, pd2.NET_WT\n\t\t, ps.SLS_ORG, ps.DIST_CHAN, ps.ITM_CAT_GRP, ps.PROD_HRCHY, ps.MTRL_PRC_GRP, ps.ACCT_ASSMT_GRP_MTRL, ps.COLL_CD, ps.INCNTV_GRP_CD, ps.GRP_NM, ps.GRP_CHAR, ps.PROD_HRCHY\n\t\t, pid.PROD_ID_VAL, pid.PROD_ID_TYP\n\t\t, pm.TXT_ID, pm.LANG_CD as MTSLN_LANG_CD, pm.TXT_DESC\n\t\t, p2.PLNT_CD, p2.PURCH_GRP, p2.MRP_TYP, p2.MRP_CTRL, p2.GOOD_RCPT_PRCS_TM, p2.PROC_TYP_IND, p2.AVAIL_CHK, p2.PRFT_CTR, p2.LOT_SZ_PROD_CST, p2.MIN_LOT_SZ, p2.LOT_SZ, p2.BCKFLSH_IND, p2.DRP_REQ_IND, p2.PLN_DLVRY_TM, p2.TOT_REPL_LD_TM, p2.ISS_STORE_LOC, p2.PLN_TM_FNC, p2.MRTL_FRGHT_GRP, p2.SPCL_PROC_TYP, p2.AUTO_PO_IND, p2.LD_GRP\n\t\t, ps2.STOR_LOC, ps2.PLNT_CD as  STOR_PLNT_CD\n\t\t,pmv.STD_PRC, pmv.VALUE_AREA, pmv.VALUE_CLASS, pmv.PRC_CTRL_IND, pmv.PRC_UNT, pmv.MTRL_COST_IND, pmv.MTRL_ORGN_IND\n\nFROM\tC_XO_PROD p\n\t\tLEFT JOIN C_XO_PROD_DESC pd ON p.ROWID_OBJECT = pd.PROD_FK\n\t\tLEFT JOIN C_XO_PROD_COST pc ON p.ROWID_OBJECT = pc.PROD_FK\n\t\tLEFT JOIN C_XO_PROD_BOM_REL pbr ON p.ROWID_OBJECT = pbr.PROD_FK\n\t\tLEFT JOIN C_XO_PROD_BOM pb ON pbr.BOM_ID = pb.BOM_ID\n\t\tLEFT JOIN C_XO_PROD_TAX pt ON p.ROWID_OBJECT = pt.PROD_FK\n\t\tLEFT JOIN C_XO_PROD_DIM pd2 ON p.ROWID_OBJECT = pd2.PROD_FK\n\t\tLEFT JOIN C_XO_PROD_SLS ps ON p.ROWID_OBJECT = ps.PROD_FK\n\t\tLEFT JOIN C_XO_PLNT p2 ON p.ROWID_OBJECT = p2.PROD_FK\n\t\tLEFT JOIN C_XO_PLNT_STOR ps2 ON p2.ROWID_OBJECT = ps2.PLNT_FK\n\t\tLEFT JOIN C_XO_PROD_MTRL_VAL pmv ON p.ROWID_OBJECT = pmv.PROD_FK\n\t\tLEFT JOIN C_XO_PROD_ID pid ON p.ROWID_OBJECT = pid.PROD_FK\n\t\tLEFT JOIN C_XO_PROD_MLSTN pm ON p.ROWID_OBJECT = pm.PROD_FK\n\nWHERE p.DIV_CD is NOT null\nAND p.MTRL_ID is NULL\n AND p.HUB_STATE_IND = 1\n\n;","isFileList":false,"handleSpecialChars":false,"handleDecimalRoundOff":false,"frsAsset":false,"dynamicFileName":false,"excludeDynamicFileNameField":false,"currentlyProcessedFileName":false,"retainFieldMetadata":false,"objectName":"DUMMY_MDM_Source","useExactSrcNames":false,"userUpdated":true,"fetchMode":"ORIGINAL","tgtObjectAttributes":{},"runtimeParameterData":{"@type":"mtTaskRuntimeParameterData","isConnectionRuntimeParameter":false,"isObjectRuntimeParameter":false},"overridableProperties":[],"overriddenFields":[]},{"@type":"mtTaskParameter","id":455395306,"name":"$Source$","type":"EXTENDED_SOURCE","label":"Source","uiProperties":{"connectionParameterized":"false","isSelectDistinct":"false","isMsrcFilterParameterized":"false","isMsrcSortParameterized":"false","objectParameterized":"false","visible":"false","originalPath":"Source"},"sourceConnectionId":"@gfqoR8Fzt87dG51ShUYO8z","newFlatFile":false,"newObject":false,"showBusinessNames":false,"naturalOrder":true,"truncateTarget":false,"bulkApiDBTarget":false,"customFuncCfg":{"@type":"customFuncConfig","id":-1,"connections":[],"inputMap":[],"outputFields":[]},"targetRefsV2":{},"targetUpdateColumns":[],"extendedObject":{"@type":"extendedObject","object":{"@type":"mObject","name":"product_tax_info","label":"product_tax_info","metadataUpdated":false,"relations":[],"children":[]},"singleMode":true,"objects":[{"@type":"mObject","name":"product_tax_info","label":"product_tax_info","metadataUpdated":false,"relations":[],"children":[]}],"filters":[],"sortFields":[]},"runtimeAttrs":{},"isRESTModernSource":true,"isFileList":false,"handleSpecialChars":false,"handleDecimalRoundOff":false,"frsAsset":false,"dynamicFileName":false,"excludeDynamicFileNameField":false,"currentlyProcessedFileName":false,"retainFieldMetadata":false,"useExactSrcNames":false,"userUpdated":true,"fetchMode":"ORIGINAL","tgtObjectAttributes":{},"runtimeParameterData":{"@type":"mtTaskRuntimeParameterData","isConnectionRuntimeParameter":false,"isObjectRuntimeParameter":false},"overridableProperties":[],"overriddenFields":[]},{"@type":"mtTaskParameter","id":455395309,"name":"$ProductCreate_WebService_FaultCode$","type":"TARGET","label":"ProductCreate_WebService_FaultCode","uiProperties":{"connectionParameterized":"false","objectParameterized":"false","visible":"false","defaultTargetUpdateColumns":"","supportApplyDDLChanges":"true","originalPath":"ProductCreate_WebService_FaultCode"},"targetConnectionId":"@5y30wSzz3K9jqB58IB2e8F","targetObject":"concat('ProductCreate_WebService_FaultCode_','$CurrentRunId')","targetObjectLabel":"concat('ProductCreate_WebService_FaultCode_','$CurrentRunId')","newFlatFile":false,"newObject":true,"showBusinessNames":false,"naturalOrder":true,"newObjectName":"concat('ProductCreate_WebService_FaultCode_','$CurrentRunId')","truncateTarget":false,"bulkApiDBTarget":false,"operationType":"Insert","tgtFFAttrs":{"@type":"flatFileAttrs","id":53702299,"delimiter":",","textQualifier":"\"","escapeChar":"","headerLineNo":1,"rowDelimiter":0,"consecutiveDelimiter":false,"multiDelimitersAsAnd":true},"customFuncCfg":{"@type":"customFuncConfig","id":-1,"connections":[],"inputMap":[],"outputFields":[]},"targetRefsV2":{},"targetUpdateColumns":[],"extendedObject":{"@type":"extendedObject","singleMode":true,"filters":[],"sortFields":[]},"runtimeAttrs":{},"isRESTModernSource":true,"isFileList":false,"handleSpecialChars":false,"handleDecimalRoundOff":false,"frsAsset":false,"dynamicFileName":false,"excludeDynamicFileNameField":false,"currentlyProcessedFileName":false,"retainFieldMetadata":false,"objectName":"concat('ProductCreate_WebService_FaultCode_','$CurrentRunId')","objectLabel":"concat('ProductCreate_WebService_FaultCode_','$CurrentRunId')","useExactSrcNames":false,"userUpdated":true,"fetchMode":"ORIGINAL","tgtObjectAttributes":{},"runtimeParameterData":{"@type":"mtTaskRuntimeParameterData","isConnectionRuntimeParameter":false,"isObjectRuntimeParameter":false},"overridableProperties":[],"overriddenFields":[]},{"@type":"mtTaskParameter","id":455395312,"name":"$SIFput_FaultCode$","type":"TARGET","label":"SIFput_FaultCode","uiProperties":{"connectionParameterized":"false","objectParameterized":"false","visible":"false","defaultTargetUpdateColumns":"","supportApplyDDLChanges":"true","originalPath":"SIFput_FaultCode"},"targetConnectionId":"@5y30wSzz3K9jqB58IB2e8F","targetObject":"concat('SIFput_FaultCode_','$CurrentRunId')","targetObjectLabel":"concat('SIFput_FaultCode_','$CurrentRunId')","newFlatFile":false,"newObject":true,"showBusinessNames":false,"naturalOrder":true,"newObjectName":"concat('SIFput_FaultCode_','$CurrentRunId')","truncateTarget":false,"bulkApiDBTarget":false,"operationType":"Insert","tgtFFAttrs":{"@type":"flatFileAttrs","id":53702302,"delimiter":",","textQualifier":"\"","escapeChar":"","headerLineNo":1,"rowDelimiter":0,"consecutiveDelimiter":false,"multiDelimitersAsAnd":true},"customFuncCfg":{"@type":"customFuncConfig","id":-1,"connections":[],"inputMap":[],"outputFields":[]},"targetRefsV2":{},"targetUpdateColumns":[],"extendedObject":{"@type":"extendedObject","singleMode":true,"filters":[],"sortFields":[]},"runtimeAttrs":{},"isRESTModernSource":true,"isFileList":false,"handleSpecialChars":false,"handleDecimalRoundOff":false,"frsAsset":false,"dynamicFileName":false,"excludeDynamicFileNameField":false,"currentlyProcessedFileName":false,"retainFieldMetadata":false,"objectName":"concat('SIFput_FaultCode_','$CurrentRunId')","objectLabel":"concat('SIFput_FaultCode_','$CurrentRunId')","useExactSrcNames":false,"userUpdated":true,"fetchMode":"ORIGINAL","tgtObjectAttributes":{},"runtimeParameterData":{"@type":"mtTaskRuntimeParameterData","isConnectionRuntimeParameter":false,"isObjectRuntimeParameter":false},"overridableProperties":[],"overriddenFields":[]},{"@type":"mtTaskParameter","id":455395315,"name":"$SIFput_Output$","type":"TARGET","label":"SIFput_Output","uiProperties":{"connectionParameterized":"false","objectParameterized":"false","visible":"false","defaultTargetUpdateColumns":"","supportApplyDDLChanges":"true","originalPath":"SIFput_Output"},"targetConnectionId":"@5y30wSzz3K9jqB58IB2e8F","targetObject":"concat('SIFput_Output_','$CurrentRunId')","targetObjectLabel":"concat('SIFput_Output_','$CurrentRunId')","newFlatFile":false,"newObject":true,"showBusinessNames":false,"naturalOrder":true,"newObjectName":"concat('SIFput_Output_','$CurrentRunId')","truncateTarget":false,"bulkApiDBTarget":false,"operationType":"Insert","tgtFFAttrs":{"@type":"flatFileAttrs","id":53702305,"delimiter":",","textQualifier":"\"","escapeChar":"","headerLineNo":1,"rowDelimiter":0,"consecutiveDelimiter":false,"multiDelimitersAsAnd":true},"customFuncCfg":{"@type":"customFuncConfig","id":-1,"connections":[],"inputMap":[],"outputFields":[]},"targetRefsV2":{},"targetUpdateColumns":[],"extendedObject":{"@type":"extendedObject","singleMode":true,"filters":[],"sortFields":[]},"runtimeAttrs":{},"isRESTModernSource":true,"isFileList":false,"handleSpecialChars":false,"handleDecimalRoundOff":false,"frsAsset":false,"dynamicFileName":false,"excludeDynamicFileNameField":false,"currentlyProcessedFileName":false,"retainFieldMetadata":false,"objectName":"concat('SIFput_Output_','$CurrentRunId')","objectLabel":"concat('SIFput_Output_','$CurrentRunId')","useExactSrcNames":false,"userUpdated":true,"fetchMode":"ORIGINAL","tgtObjectAttributes":{},"runtimeParameterData":{"@type":"mtTaskRuntimeParameterData","isConnectionRuntimeParameter":false,"isObjectRuntimeParameter":false},"overridableProperties":[],"overriddenFields":[]},{"@type":"mtTaskParameter","id":455395318,"name":"$ProductCreate$","type":"BUSINESS_SERVICE","label":"ProductCreate","uiProperties":{"visible":"false","originalPath":"ProductCreate"},"newFlatFile":false,"newObject":false,"showBusinessNames":true,"naturalOrder":true,"truncateTarget":false,"bulkApiDBTarget":false,"customFuncCfg":{"@type":"customFuncConfig","id":-1,"connections":[],"inputMap":[],"outputFields":[]},"targetRefsV2":{},"targetUpdateColumns":[],"runtimeAttrs":{},"isRESTModernSource":true,"isFileList":false,"handleSpecialChars":false,"handleDecimalRoundOff":false,"frsAsset":false,"dynamicFileName":false,"excludeDynamicFileNameField":false,"currentlyProcessedFileName":false,"retainFieldMetadata":false,"useExactSrcNames":false,"userUpdated":true,"businessServiceData":{"@type":"businessServiceData","businessServiceId":"@6wTrEKOlJkDfE6vyLSNuQV","operationId":"@6wTrEKOlJkDfE6vyLSNuQV@API_PRODUCT_SRV/A_Product"},"fetchMode":"ORIGINAL","tgtObjectAttributes":{},"runtimeParameterData":{"@type":"mtTaskRuntimeParameterData","isConnectionRuntimeParameter":false,"isObjectRuntimeParameter":false},"overridableProperties":[],"overriddenFields":[]},{"@type":"mtTaskParameter","id":455395321,"name":"$SIFput$","type":"BUSINESS_SERVICE","label":"SIFput","uiProperties":{"visible":"false","originalPath":"SIFput"},"newFlatFile":false,"newObject":false,"showBusinessNames":true,"naturalOrder":true,"truncateTarget":false,"bulkApiDBTarget":false,"customFuncCfg":{"@type":"customFuncConfig","id":-1,"connections":[],"inputMap":[],"outputFields":[]},"targetRefsV2":{},"targetUpdateColumns":[],"runtimeAttrs":{},"isRESTModernSource":true,"isFileList":false,"handleSpecialChars":false,"handleDecimalRoundOff":false,"frsAsset":false,"dynamicFileName":false,"excludeDynamicFileNameField":false,"currentlyProcessedFileName":false,"retainFieldMetadata":false,"useExactSrcNames":false,"userUpdated":true,"businessServiceData":{"@type":"businessServiceData","businessServiceId":"@7q51PVTzoiyfWmpPpaCrOj","operationId":"@7q51PVTzoiyfWmpPpaCrOj@put"},"fetchMode":"ORIGINAL","tgtObjectAttributes":{},"runtimeParameterData":{"@type":"mtTaskRuntimeParameterData","isConnectionRuntimeParameter":false,"isObjectRuntimeParameter":false},"overridableProperties":[],"overriddenFields":[]}],"sequences":[],"inOutParameters":[],"connRuntimeAttrs":[]}]