[{"@type":"fileRecord","id":"@2","name":"extension","type":"XML","size":16613,"attachTime":1663584260000},{"@type":"fileRecord","id":"@6","name":"response","type":"XSD","size":5392,"attachTime":1663584260000},{"@type":"fileRecord","id":"@3","name":"fault","type":"XSD","size":4904,"attachTime":1663584260000},{"@type":"fileRecord","id":"@4","name":"metadata","type":"JSON","size":2377,"attachTime":1663584260000},{"@type":"fileRecord","id":"@5","name":"request","type":"XSD","size":5012,"attachTime":1663584260000}]