[{"@type":"workflow","id":"@1","name":"Product_Update_Linear","autoExpireObject":false,"maxLogs":10,"references":[{"@type":"reference","refObjectId":"@0rRCjo5NCoIdOFWILJ5jgU","refType":"mtTask"},{"@type":"reference","refObjectId":"@8au4u8j30Ccev3agpdLbAI","refType":"mtTask"},{"@type":"reference","refObjectId":"@fF2n9gtTQoQl8zhy56iikd","refType":"mtTask"},{"@type":"reference","refObjectId":"@4SG9FkOeLigkhYffejBf87","refType":"mtTask"},{"@type":"reference","refObjectId":"@4zz7zE5vPSVlEoEEBFpXMK","refType":"mtTask"},{"@type":"reference","refObjectId":"@dNBZkymOqSCdnNWUduP88r","refType":"mtTask"},{"@type":"reference","refObjectId":"@3JAMychoovYk4eLh1A08mO","refType":"mtTask"},{"@type":"reference","refObjectId":"@6oNhxfPOSUTly95PfvDl6y","refType":"mtTask"}],"tasks":[{"@type":"workflowTask","taskId":"@0rRCjo5NCoIdOFWILJ5jgU","type":"MTT","name":"Mapping_Update_PRD - OUTBOUND","stopOnError":false,"stopOnWarning":false},{"@type":"workflowTask","taskId":"@8au4u8j30Ccev3agpdLbAI","type":"MTT","name":"Mapping_Update_PRD_TO_DESC - OUTBOUND","stopOnError":false,"stopOnWarning":false},{"@type":"workflowTask","taskId":"@fF2n9gtTQoQl8zhy56iikd","type":"MTT","name":"Mapping_Update_PRD_TO_DIM - OUTBOUND","stopOnError":false,"stopOnWarning":false},{"@type":"workflowTask","taskId":"@4SG9FkOeLigkhYffejBf87","type":"MTT","name":"Mapping_Update_PRD_TO_MLSTN - OUTBOUND","stopOnError":false,"stopOnWarning":false},{"@type":"workflowTask","taskId":"@4zz7zE5vPSVlEoEEBFpXMK","type":"MTT","name":"Mapping_Update_PRD_TO_PLNT - OUTBOUND","stopOnError":false,"stopOnWarning":false},{"@type":"workflowTask","taskId":"@dNBZkymOqSCdnNWUduP88r","type":"MTT","name":"Mapping_Update_PRD_TO_SALES - OUTBOUND","stopOnError":false,"stopOnWarning":false},{"@type":"workflowTask","taskId":"@3JAMychoovYk4eLh1A08mO","type":"MTT","name":"Mapping_Update_PRD_TO_SALESDELIVERY - OUTBOUND","stopOnError":false,"stopOnWarning":false},{"@type":"workflowTask","taskId":"@6oNhxfPOSUTly95PfvDl6y","type":"MTT","name":"Mapping_Update_PRD_TO_STORAGE - OUTBOUND","stopOnError":false,"stopOnWarning":false}]}]